{
  "view/fragments/FilterBar.fragment.xml": 1741524075648,
  "model/models.js": 1741352563453,
  "model/formatter.js": 1741526520759,
  "model/filter-model.json": 1741357849249,
  "controller/Main.controller.js": 1741536045029,
  "controller/App.controller.js": 1741352563453,
  "manifest.json": 1741536071734,
  "Component.js": 1741352563453,
  "Component-dbg.js": 1741352563453,
  "Component.js.map": 1741536071944,
  "model/formatter-dbg.js": 1741526520759,
  "model/formatter.js.map": 1741536071958,
  "controller/Main-dbg.controller.js": 1741536045029,
  "controller/Main.controller.js.map": 1741536071997,
  "controller/App-dbg.controller.js": 1741352563453,
  "controller/App.controller.js.map": 1741536071937,
  "model/models-dbg.js": 1741352563453,
  "model/models.js.map": 1741536071941,
  "Component-preload.js": 1741536072126,
  "Component-preload.js.map": 1741536072126,
  "view/fragments/ProgressDialog.fragment.xml": 1741516739080,
  "i18n/i18n.properties": 1741352563453,
  "view/fragments/CreateDialog.fragment.xml": 1741515919976,
  "view/fragments/CostEstimateTable.fragment.xml": 1741534168860,
  "view/Main.view.xml": 1741529348393,
  "view/App.view.xml": 1741352563453,
  "css/style.css": 1741444298185,
  "index.html": 1741352563453
}