{
  "manifest.json": 1743416407253,
  "model/filter-model.json": 1741566572252,
  "model/formatter.js": 1741566572256,
  "model/models.js": 1741566572260,
  "controller/Main.controller.js": 1743416372382,
  "controller/ErrorDetail.controller.js": 1743410754530,
  "controller/App.controller.js": 1741566572240,
  "i18n/i18n.properties": 1741566572248,
  "Component.js": 1741566572240,
  "controller/App-dbg.controller.js": 1741566572240,
  "controller/App.controller.js.map": 1743416407509,
  "model/models-dbg.js": 1741566572260,
  "model/models.js.map": 1743416407509,
  "controller/Main-dbg.controller.js": 1743416372382,
  "controller/Main.controller.js.map": 1743416407623,
  "controller/ErrorDetail-dbg.controller.js": 1743410754530,
  "controller/ErrorDetail.controller.js.map": 1743416407578,
  "model/formatter-dbg.js": 1741566572256,
  "model/formatter.js.map": 1743416407516,
  "Component-dbg.js": 1741566572240,
  "Component.js.map": 1743416407515,
  "Component-preload.js": 1743416407771,
  "Component-preload.js.map": 1743416407771,
  "view/fragments/ValueHelpDialog.fragment.xml": 1742623258946,
  "view/fragments/ProgressDialog.fragment.xml": 1741566572280,
  "view/fragments/PlantHelp.fragment.xml": 1743320333321,
  "view/fragments/MaterialHelp.fragment.xml": 1743320339173,
  "view/fragments/FilterBar.fragment.xml": 1743321365233,
  "view/fragments/ErrorData.fragment.xml": 1741601935362,
  "view/fragments/CreateDialog.fragment.xml": 1742906079651,
  "view/fragments/CostEstimateTable.fragment.xml": 1743321944325,
  "view/Main.view.xml": 1741566572268,
  "view/ErrorDetails.view.xml": 1743406544150,
  "view/App.view.xml": 1741566572264,
  "css/style.css": 1741566572248,
  "index.html": 1741566572252
}