{
  "css/style.css": 1741566572248,
  "controller/App.controller.js": 1741566572240,
  "model/formatter.js": 1741566572256,
  "model/filter-model.json": 1741566572252,
  "controller/Main.controller.js": 1741600922189,
  "controller/ErrorDetail.controller.js": 1741603295220,
  "model/models.js": 1741566572260,
  "manifest.json": 1741603546304,
  "Component.js": 1741566572240,
  "Component-dbg.js": 1741566572240,
  "Component.js.map": 1741603546529,
  "model/formatter-dbg.js": 1741566572256,
  "model/formatter.js.map": 1741603546551,
  "controller/Main-dbg.controller.js": 1741600922189,
  "controller/Main.controller.js.map": 1741603546605,
  "controller/ErrorDetail-dbg.controller.js": 1741603295220,
  "controller/ErrorDetail.controller.js.map": 1741603546540,
  "model/models-dbg.js": 1741566572260,
  "model/models.js.map": 1741603546535,
  "controller/App-dbg.controller.js": 1741566572240,
  "controller/App.controller.js.map": 1741603546538,
  "Component-preload.js": 1741603546747,
  "Component-preload.js.map": 1741603546747,
  "view/fragments/ProgressDialog.fragment.xml": 1741566572280,
  "view/fragments/FilterBar.fragment.xml": 1741588049739,
  "view/fragments/ErrorData.fragment.xml": 1741601935362,
  "view/fragments/CreateDialog.fragment.xml": 1741566572272,
  "view/fragments/CostEstimateTable.fragment.xml": 1741587969558,
  "view/Main.view.xml": 1741566572268,
  "view/ErrorDetails.view.xml": 1741602416636,
  "view/App.view.xml": 1741566572264,
  "i18n/i18n.properties": 1741566572248,
  "index.html": 1741566572252
}